Age,Gender,City,Income,Website_Visits,Time_on_Site_Minutes,Previous_Purchases,Membership_Level,Email_Opened,Discount_Used,Social_Media_Clicks,Cart_Abandoned,Purchased
56,Male,Calgary,47096.0,4,5.99,4,Gold,Yes,No,1,No,Yes
69,Male,Ottawa,88056.0,3,4.52,3,Premium,Yes,Yes,5,No,Yes
46,Male,Ottawa,40944.0,9,8.04,3,Gold,No,No,6,Yes,Yes
32,Male,Toronto,61136.0,6,8.78,2,Premium,No,Yes,0,Yes,No
60,Female,Vancouver,65927.0,6,6.17,3,Silver,No,No,4,No,Yes
25,Female,Ottawa,67106.0,9,4.73,4,None,No,No,2,Yes,Yes
38,Female,Calgary,49537.0,11,9.23,1,Premium,Yes,No,1,Yes,Yes
56,Female,Montreal,43880.0,4,5.7,4,Gold,Yes,Yes,1,No,Yes
36,Male,Calgary,49797.0,5,7.07,4,Gold,No,No,3,Yes,Yes
40,Female,Vancouver,69509.0,7,6.69,4,Gold,Yes,Yes,1,No,Yes
28,Male,Calgary,57410.0,7,11.74,1,Silver,No,No,2,No,Yes
28,Female,Toronto,,10,5.84,2,None,Yes,Yes,0,Yes,Yes
41,Male,Vancouver,68586.0,3,13.18,1,Gold,Yes,Yes,1,Yes,Yes
53,Male,Montreal,20000.0,6,10.26,2,None,Yes,Yes,2,No,Yes
57,Female,Toronto,64454.0,5,13.46,2,None,No,No,0,No,No
41,Female,Vancouver,100508.0,7,9.99,3,Silver,No,No,0,No,Yes
20,Female,Montreal,83854.0,5,7.34,2,Silver,Yes,No,3,No,Yes
39,Female,Toronto,67596.0,5,5.25,5,None,Yes,No,2,No,Yes
19,Male,Toronto,40930.0,5,6.93,5,Gold,Yes,No,4,No,Yes
41,Female,Vancouver,68595.0,7,12.46,3,Premium,Yes,Yes,3,No,Yes
61,Female,Ottawa,73315.0,9,7.86,5,Gold,No,No,3,No,Yes
47,Male,Toronto,55432.0,9,9.98,3,Silver,Yes,No,4,No,Yes
55,Female,Toronto,65701.0,10,8.62,8,Premium,Yes,Yes,4,No,Yes
19,Female,Montreal,87173.0,10,8.75,8,None,Yes,Yes,3,No,Yes
38,Female,Calgary,44569.0,6,8.86,4,Gold,Yes,Yes,1,No,Yes
50,Female,Vancouver,40950.0,10,9.49,1,None,No,Yes,0,No,Yes
29,Female,Vancouver,72468.0,9,5.56,0,Silver,Yes,Yes,4,No,Yes
39,Male,Ottawa,68235.0,7,7.18,3,Silver,Yes,Yes,2,Yes,Yes
61,Female,Ottawa,78519.0,4,8.93,4,Gold,No,No,2,No,Yes
42,Female,Vancouver,70256.0,4,8.49,3,None,Yes,Yes,1,Yes,Yes
66,Female,Ottawa,49780.0,9,6.62,6,None,No,Yes,1,Yes,Yes
44,Female,Montreal,67779.0,9,9.25,4,Silver,Yes,No,4,No,Yes
59,Female,Vancouver,39441.0,6,5.69,4,Silver,Yes,No,1,No,Yes
45,Male,Ottawa,55494.0,1,4.33,3,Silver,Yes,Yes,0,Yes,Yes
33,Female,Vancouver,69050.0,8,8.88,2,None,Yes,No,3,Yes,Yes
32,Male,Calgary,53510.0,1,4.4,5,Silver,Yes,Yes,0,No,Yes
64,Male,Toronto,104424.0,11,8.84,4,None,Yes,Yes,3,No,Yes
68,Female,Vancouver,25940.0,7,2.14,3,None,Yes,Yes,0,Yes,No
61,Female,Toronto,50145.0,8,5.83,5,Silver,Yes,No,2,Yes,Yes
69,Female,Ottawa,43119.0,7,7.02,2,Gold,No,No,2,Yes,No
20,Female,Toronto,47393.0,4,3.18,2,None,No,No,2,Yes,No
54,Male,Vancouver,48426.0,4,6.88,2,None,Yes,No,2,Yes,No
68,Female,Calgary,36124.0,6,11.56,3,Silver,Yes,No,1,No,No
24,Female,Ottawa,73548.0,6,4.19,3,None,No,No,3,Yes,Yes
38,Female,Vancouver,50152.0,4,6.96,3,Silver,No,No,1,Yes,Yes
26,Female,Ottawa,62944.0,4,13.11,0,Silver,Yes,Yes,1,No,Yes
56,Female,Montreal,52173.0,9,4.81,4,None,Yes,Yes,2,No,Yes
35,Female,Toronto,47564.0,6,12.19,4,,Yes,No,1,Yes,Yes
21,Male,Montreal,90101.0,3,7.16,2,Gold,Yes,No,3,Yes,Yes
42,Male,Vancouver,76612.0,7,8.31,4,Gold,No,No,2,No,Yes
31,Female,Calgary,26372.0,7,11.87,2,Gold,No,Yes,2,No,No
67,Female,Ottawa,24465.0,3,6.54,1,Silver,No,No,2,No,Yes
26,Female,Toronto,78766.0,3,9.89,1,Gold,Yes,No,2,No,No
43,Male,Ottawa,50642.0,2,10.65,1,Premium,Yes,Yes,1,No,Yes
19,Female,Vancouver,30316.0,6,6.05,1,,No,No,1,No,Yes
37,Male,Ottawa,78823.0,5,5.72,2,None,Yes,No,4,No,Yes
45,Female,Toronto,63044.0,6,,1,Silver,Yes,No,4,Yes,Yes
64,Female,Vancouver,64528.0,7,7.41,5,Silver,Yes,No,4,No,Yes
24,Female,Ottawa,74571.0,11,4.76,2,Silver,Yes,Yes,3,Yes,Yes
61,Female,Calgary,36420.0,7,6.08,1,Silver,Yes,No,1,Yes,Yes
25,Male,Vancouver,30632.0,2,1.0,3,Gold,Yes,No,2,No,Yes
64,Male,Vancouver,88457.0,7,7.0,5,Gold,No,No,2,Yes,Yes
52,Female,Calgary,34130.0,4,10.68,3,None,No,No,2,Yes,Yes
31,Female,Montreal,,11,3.0,3,None,Yes,Yes,3,No,No
34,Male,Toronto,,7,6.61,1,Silver,No,Yes,1,No,Yes
53,Male,Montreal,97439.0,4,15.33,2,None,Yes,Yes,3,Yes,No
67,Male,Ottawa,68880.0,7,7.93,3,None,Yes,Yes,5,Yes,Yes
57,Male,Calgary,77377.0,4,12.07,2,Silver,No,No,2,Yes,Yes
21,Female,Montreal,63531.0,9,4.96,4,Silver,Yes,No,2,Yes,Yes
19,Male,Vancouver,49166.0,0,9.35,4,Premium,Yes,Yes,3,No,Yes
23,Female,Ottawa,71363.0,4,4.45,4,None,No,Yes,3,Yes,No
59,Male,Ottawa,31980.0,4,9.2,2,None,No,Yes,2,No,No
21,Male,Montreal,40284.0,6,10.53,3,None,Yes,Yes,3,Yes,No
46,Male,Montreal,73193.0,9,9.81,1,Silver,Yes,No,2,No,Yes
35,Male,Calgary,35569.0,10,6.97,3,None,Yes,No,3,No,Yes
43,Male,Toronto,56596.0,4,8.82,2,,Yes,No,2,No,Yes
61,Female,Montreal,57416.0,2,8.85,0,None,Yes,Yes,5,No,Yes
51,Female,Montreal,50484.0,7,10.0,3,Silver,Yes,No,0,No,Yes
27,Male,Vancouver,24879.0,7,7.63,4,Gold,No,Yes,0,No,Yes
53,Male,Ottawa,48679.0,10,10.79,1,None,Yes,No,5,No,Yes
31,Female,Toronto,45150.0,9,12.3,2,Silver,Yes,No,2,Yes,Yes
48,Male,Vancouver,62905.0,7,7.05,5,Silver,Yes,No,2,Yes,Yes
65,Male,Calgary,61988.0,3,8.14,0,Gold,Yes,Yes,3,Yes,Yes
32,Female,Calgary,66803.0,11,5.29,1,Silver,No,Yes,4,Yes,No
25,Male,Montreal,47832.0,7,9.02,2,Silver,Yes,No,0,No,Yes
31,Male,Montreal,69410.0,6,9.04,2,Gold,No,Yes,0,No,Yes
40,Female,Calgary,31991.0,7,8.17,2,Silver,No,Yes,4,No,Yes
57,Female,Montreal,27205.0,3,,4,Silver,No,No,1,Yes,No
38,Female,Toronto,20000.0,7,13.77,3,None,Yes,No,0,Yes,Yes
33,Male,Montreal,51012.0,9,1.0,3,Gold,No,No,3,Yes,No
62,Female,Ottawa,46440.0,5,6.51,2,Premium,Yes,Yes,2,No,No
35,Female,Montreal,74207.0,9,6.97,3,Premium,Yes,No,1,No,No
64,Female,Vancouver,48324.0,6,12.37,1,Premium,Yes,Yes,0,Yes,Yes
41,Female,Toronto,64920.0,12,9.43,2,Gold,Yes,No,2,No,Yes
43,Female,Vancouver,74639.0,13,,0,Silver,Yes,Yes,0,No,No
42,Female,Vancouver,47646.0,6,11.78,4,Gold,Yes,No,0,No,Yes
62,Male,Ottawa,,3,7.46,4,Silver,Yes,No,2,Yes,No
58,Male,Toronto,78034.0,2,9.96,6,Silver,No,Yes,4,No,Yes
46,Female,Toronto,37713.0,9,6.41,3,None,Yes,Yes,2,Yes,Yes
32,Female,Toronto,60447.0,3,4.84,4,None,Yes,Yes,2,No,Yes
62,Female,Toronto,47723.0,5,13.38,1,Gold,No,Yes,1,No,No
18,Male,Toronto,38859.0,7,9.11,3,Silver,Yes,No,2,No,Yes
42,Male,Ottawa,32343.0,3,9.93,1,None,No,Yes,4,Yes,Yes
24,Male,Montreal,38568.0,5,4.76,3,None,No,No,1,Yes,Yes
26,Male,Vancouver,61080.0,6,9.53,2,Gold,Yes,No,3,No,Yes
41,Male,Toronto,31004.0,8,13.33,5,Gold,Yes,Yes,0,No,Yes
18,Male,Montreal,50086.0,10,7.17,4,Silver,No,No,2,No,Yes
61,Male,Montreal,74637.0,7,4.23,1,Silver,No,Yes,4,No,Yes
25,Male,Vancouver,68082.0,8,8.55,4,Silver,No,Yes,2,No,Yes
41,Male,Ottawa,50450.0,9,4.89,2,None,Yes,Yes,2,No,Yes
28,Female,Calgary,90414.0,9,3.33,1,Silver,No,No,0,No,No
68,Female,Calgary,94074.0,13,5.8,6,Gold,Yes,Yes,2,No,Yes
34,Female,Montreal,,8,6.52,1,Silver,Yes,No,0,No,No
25,Female,Vancouver,20000.0,2,5.04,4,Silver,Yes,Yes,2,Yes,No
52,Male,Calgary,75956.0,4,11.98,4,None,Yes,No,3,No,Yes
52,Male,Montreal,20000.0,3,13.67,6,Silver,No,No,1,No,No
50,Female,Ottawa,86570.0,6,9.85,6,None,No,Yes,1,Yes,No
22,Male,Calgary,79504.0,9,9.15,1,Silver,No,No,2,No,Yes
59,Female,Montreal,91935.0,11,7.57,4,Silver,Yes,No,2,No,Yes
56,Male,Montreal,64684.0,7,5.31,6,Gold,Yes,Yes,5,No,Yes
58,Female,Toronto,,4,12.81,6,Silver,No,Yes,3,No,No
45,Male,Ottawa,51898.0,3,7.81,2,None,Yes,Yes,2,Yes,Yes
24,Male,Toronto,50167.0,11,6.61,4,Silver,No,No,0,No,Yes
26,Female,Vancouver,77659.0,6,11.04,4,Gold,No,No,1,Yes,No
25,Male,Toronto,72820.0,9,7.78,3,None,No,Yes,2,No,No
29,Female,Toronto,62164.0,7,,2,Silver,Yes,Yes,0,No,Yes
51,Female,Calgary,47000.0,8,6.77,0,Premium,No,No,1,No,Yes
50,Female,Montreal,107325.0,3,11.05,3,None,No,No,3,No,Yes
65,Female,Ottawa,76422.0,5,10.94,0,Silver,Yes,No,2,Yes,Yes
40,Male,Toronto,31241.0,4,11.97,1,Gold,No,No,3,Yes,No
41,Male,Ottawa,50707.0,8,5.87,3,Silver,Yes,Yes,2,Yes,Yes
54,Male,Toronto,76771.0,6,7.75,3,Gold,Yes,Yes,2,No,Yes
52,Female,Vancouver,45608.0,4,13.84,1,None,No,Yes,2,No,No
61,Male,Toronto,66327.0,7,7.26,8,None,No,No,5,No,Yes
57,Female,Calgary,77114.0,6,10.43,3,Gold,No,Yes,2,No,Yes
39,Male,Montreal,20000.0,4,14.87,1,Gold,Yes,Yes,1,No,Yes
44,Male,Vancouver,58055.0,8,2.45,2,Premium,Yes,No,2,Yes,No
52,Male,Toronto,58761.0,14,,3,None,No,Yes,1,No,No
18,Female,Ottawa,52582.0,7,8.01,1,Silver,Yes,Yes,1,Yes,Yes
52,Male,Vancouver,65430.0,10,2.6,3,None,Yes,No,1,No,No
54,Male,Vancouver,71835.0,4,6.63,3,None,Yes,Yes,1,Yes,No
64,Female,Toronto,62556.0,6,5.09,5,Silver,Yes,Yes,4,No,No
31,Male,Vancouver,53271.0,4,10.57,5,Silver,No,No,2,Yes,Yes
20,Female,Ottawa,71387.0,6,2.8,6,None,No,Yes,0,Yes,Yes
18,Male,Vancouver,60882.0,12,13.67,4,None,Yes,Yes,0,No,Yes
22,Female,Ottawa,55847.0,7,10.07,1,Silver,Yes,No,1,Yes,Yes
43,Female,Toronto,36378.0,10,4.84,1,Premium,Yes,Yes,1,No,Yes
31,Male,Montreal,,5,11.08,5,Gold,Yes,No,2,No,Yes
56,Female,Vancouver,36037.0,9,9.79,4,None,Yes,Yes,0,No,Yes
44,Female,Montreal,65009.0,4,7.88,3,Premium,Yes,No,3,No,Yes
26,Female,Ottawa,58576.0,5,5.84,1,Silver,No,Yes,2,No,No
32,Female,Vancouver,33354.0,8,9.64,1,,,Yes,1,Yes,No
32,Female,Calgary,71626.0,6,8.37,1,None,Yes,Yes,4,Yes,Yes
43,Female,Montreal,84737.0,8,5.93,1,Silver,No,No,3,No,Yes
59,Male,Vancouver,49227.0,6,3.97,2,Premium,No,No,2,No,No
30,Female,Montreal,28662.0,1,5.45,0,None,Yes,Yes,9,No,Yes
68,Female,Vancouver,47235.0,5,6.49,0,Premium,Yes,No,4,No,Yes
49,Male,Toronto,75380.0,10,11.49,2,Gold,,Yes,3,No,Yes
56,Male,Montreal,69873.0,7,10.58,0,Premium,Yes,No,2,No,Yes
66,Male,Calgary,43396.0,6,6.65,5,None,No,Yes,4,No,No
69,Male,Calgary,87381.0,4,6.77,4,None,No,No,1,No,No
49,Male,Ottawa,84269.0,2,10.97,2,None,Yes,No,4,No,Yes
21,Male,Vancouver,46805.0,7,8.8,1,Premium,,No,1,No,No
47,Male,Montreal,46620.0,3,8.76,2,None,No,Yes,3,No,Yes
54,Female,Ottawa,49329.0,8,5.89,1,Silver,Yes,Yes,4,Yes,No
40,Female,Montreal,50868.0,7,7.63,2,Silver,Yes,No,1,No,No
56,Male,Vancouver,77109.0,4,8.01,5,Silver,No,Yes,1,Yes,Yes
62,Female,Calgary,67655.0,8,7.73,6,None,No,Yes,2,Yes,Yes
32,Female,Toronto,75787.0,5,10.2,4,Silver,No,Yes,1,No,Yes
60,Female,Calgary,72124.0,6,10.3,2,Gold,No,Yes,4,Yes,Yes
46,Male,Ottawa,90861.0,4,5.24,3,None,Yes,Yes,4,No,No
53,Male,Toronto,40931.0,6,6.5,4,Premium,Yes,No,1,No,Yes
30,Female,Ottawa,66846.0,8,5.94,1,Gold,,No,3,No,Yes
49,Male,Vancouver,20871.0,6,12.17,0,,Yes,No,3,No,Yes
24,Female,Toronto,36294.0,9,14.76,7,Silver,No,Yes,2,No,Yes
68,Female,Ottawa,58652.0,4,6.61,2,None,No,No,1,No,No
39,Female,Vancouver,67527.0,4,7.5,6,Silver,No,No,1,No,Yes
45,Female,Calgary,58167.0,5,10.53,2,Gold,Yes,No,2,Yes,No
19,Male,Vancouver,49790.0,4,5.88,3,None,Yes,Yes,1,No,No
59,Male,Montreal,52990.0,6,10.59,6,Silver,Yes,No,2,No,Yes
62,Male,Vancouver,84649.0,6,7.94,4,None,Yes,No,2,Yes,Yes
23,Female,Vancouver,53087.0,9,2.77,2,Gold,No,No,2,Yes,Yes
45,Male,Montreal,91486.0,5,4.1,7,Silver,Yes,Yes,2,No,Yes
45,Female,Ottawa,74292.0,8,6.99,5,Silver,No,Yes,2,Yes,Yes
61,Male,Ottawa,,4,11.67,5,None,No,Yes,3,Yes,No
61,Female,Vancouver,38515.0,10,5.32,0,Premium,Yes,No,0,Yes,No
37,Female,Montreal,76834.0,3,6.4,2,None,Yes,Yes,2,No,Yes
47,Female,Montreal,51112.0,6,,1,,No,No,1,No,Yes
28,Male,Calgary,38500.0,3,2.99,5,Silver,Yes,No,1,No,Yes
45,Male,Ottawa,69231.0,9,8.9,3,Gold,No,No,1,Yes,No
42,Male,Toronto,35016.0,4,3.37,8,None,Yes,No,2,No,Yes
56,Male,Ottawa,46279.0,4,9.7,2,Gold,Yes,No,1,No,Yes
50,Female,Ottawa,59817.0,3,5.57,3,Silver,Yes,No,1,No,Yes
18,Male,Calgary,99931.0,2,5.17,2,Silver,Yes,Yes,3,No,Yes
44,Male,Toronto,47635.0,9,8.82,3,Gold,No,No,3,No,Yes
69,Female,Calgary,51752.0,7,10.38,5,Gold,Yes,No,4,No,Yes
30,Female,Toronto,,5,9.13,8,Gold,No,Yes,2,No,Yes
58,Female,Vancouver,37710.0,6,8.62,3,,No,No,1,Yes,Yes
20,Male,Toronto,,6,8.67,3,None,No,Yes,3,No,No
56,Female,Calgary,81706.0,3,9.15,5,Premium,Yes,Yes,3,No,Yes
23,Female,Ottawa,54472.0,2,9.34,2,None,No,Yes,7,No,Yes
25,Female,Toronto,78470.0,4,6.82,4,Gold,Yes,Yes,0,No,No
44,Male,Toronto,65246.0,11,9.96,3,Silver,Yes,No,2,No,Yes
26,Female,Montreal,46847.0,3,5.61,5,Silver,No,No,1,No,Yes
54,Male,Ottawa,56439.0,6,11.27,4,None,Yes,No,2,No,No
50,Male,Vancouver,53164.0,6,10.35,4,Silver,No,No,3,No,Yes
68,Female,Calgary,58422.0,6,14.54,2,None,Yes,Yes,0,Yes,Yes
59,Female,Vancouver,62748.0,0,9.54,4,Silver,No,Yes,3,No,Yes
61,Male,Ottawa,70587.0,2,10.73,5,None,Yes,No,2,No,Yes
41,Female,Toronto,69156.0,7,3.32,3,Silver,No,No,2,No,Yes
32,Female,Toronto,20000.0,4,10.83,0,None,No,Yes,0,Yes,Yes
49,Male,Ottawa,58248.0,3,11.53,3,None,Yes,No,1,Yes,Yes
49,Male,Toronto,32830.0,13,12.51,6,None,Yes,No,0,Yes,No
41,Female,Toronto,55036.0,4,8.36,5,Silver,No,No,1,Yes,No
58,Male,Toronto,57771.0,13,6.97,3,Gold,Yes,Yes,1,Yes,Yes
69,Female,Calgary,77570.0,4,4.73,1,Premium,Yes,No,3,No,Yes
66,Female,Calgary,59457.0,5,5.01,6,None,Yes,No,0,Yes,Yes
66,Female,Montreal,64665.0,8,7.92,3,Silver,No,No,1,No,Yes
69,Male,Vancouver,74275.0,3,2.75,2,Gold,No,Yes,0,No,Yes
29,Female,Ottawa,82099.0,7,5.7,3,Silver,No,No,3,Yes,Yes
56,Female,Ottawa,57785.0,7,8.27,6,Gold,No,No,1,No,Yes
19,Female,Ottawa,61695.0,4,8.2,1,,No,Yes,2,No,Yes
20,Male,Montreal,60180.0,5,5.09,3,Silver,Yes,Yes,5,No,Yes
66,Male,Calgary,50233.0,8,4.3,1,Silver,Yes,No,2,Yes,No
54,Male,Montreal,46155.0,8,4.75,4,None,,No,3,Yes,Yes
66,Male,Ottawa,20000.0,6,7.34,1,Silver,No,No,2,No,Yes
34,Male,Vancouver,40620.0,7,14.39,2,Silver,No,Yes,1,Yes,No
66,Female,Toronto,27984.0,4,11.18,5,None,Yes,No,2,Yes,No
19,Male,Calgary,82593.0,6,8.64,2,Silver,No,No,3,Yes,Yes
19,Male,Calgary,63391.0,13,9.66,3,Gold,Yes,Yes,5,No,Yes
45,Male,Montreal,57733.0,10,11.05,4,Gold,No,No,4,Yes,No
40,Female,Calgary,47085.0,4,10.03,3,Silver,Yes,Yes,2,No,Yes
54,Male,Ottawa,60536.0,5,7.08,6,Silver,Yes,Yes,2,Yes,Yes
49,Male,Ottawa,44736.0,1,5.46,3,Silver,No,No,2,No,Yes
50,Female,Montreal,63132.0,7,7.62,3,Silver,,No,1,Yes,Yes
18,Male,Ottawa,64423.0,4,11.01,3,None,Yes,Yes,1,No,Yes
36,Female,Vancouver,44495.0,4,7.19,2,Silver,Yes,Yes,1,No,Yes
19,Female,Montreal,44151.0,4,4.69,3,Silver,No,Yes,4,No,Yes
61,Female,Vancouver,77319.0,3,2.83,4,Silver,No,Yes,3,Yes,Yes
43,Female,Toronto,59048.0,7,7.64,3,Premium,No,Yes,2,No,Yes
49,Female,Vancouver,45941.0,6,4.92,3,Gold,Yes,No,2,Yes,No
23,Male,Toronto,53330.0,7,6.69,3,None,No,Yes,3,No,Yes
49,Female,Toronto,41809.0,8,12.37,2,None,No,No,1,Yes,Yes
21,Female,Vancouver,58790.0,6,7.84,5,None,No,Yes,2,No,Yes
28,Male,Montreal,74969.0,4,,4,Gold,No,No,2,Yes,Yes
34,Female,Ottawa,59501.0,3,8.93,0,Gold,Yes,No,2,Yes,No
55,Male,Ottawa,102545.0,7,13.76,2,Premium,Yes,No,5,No,Yes
41,Male,Toronto,67584.0,5,7.64,5,Silver,No,Yes,3,No,Yes
22,Male,Toronto,64139.0,4,1.0,3,Gold,Yes,No,5,No,Yes
69,Female,Montreal,43650.0,5,9.95,1,Silver,,No,1,No,No
51,Female,Calgary,55706.0,4,9.04,1,Premium,Yes,No,1,No,Yes
23,Female,Vancouver,45977.0,8,8.27,2,Gold,Yes,No,4,No,Yes
39,Male,Toronto,21018.0,2,7.34,2,Silver,Yes,Yes,2,Yes,No
28,Female,Ottawa,77536.0,4,5.58,5,Silver,No,No,3,Yes,Yes
65,Female,Montreal,50793.0,8,12.54,3,Gold,Yes,No,1,No,Yes
33,Female,Vancouver,46312.0,9,2.49,7,Silver,No,No,4,No,Yes
50,Male,Montreal,63790.0,4,7.07,5,None,Yes,No,3,No,Yes
26,Male,Vancouver,69224.0,3,7.0,3,None,No,No,2,No,Yes
23,Female,Vancouver,54226.0,5,10.56,6,Silver,Yes,No,2,No,Yes
33,Female,Toronto,59953.0,5,11.71,4,Silver,Yes,No,2,No,Yes
46,Female,Montreal,73431.0,4,7.32,2,None,No,No,1,No,Yes
20,Female,Montreal,53516.0,8,8.58,1,None,Yes,Yes,4,Yes,Yes
37,Male,Ottawa,65442.0,7,8.83,3,None,Yes,No,1,No,Yes
53,Male,Ottawa,30133.0,6,11.16,2,Silver,No,No,1,No,Yes
36,Male,Toronto,37656.0,8,11.1,4,,Yes,Yes,5,No,Yes
43,Male,Toronto,70899.0,5,6.38,6,None,Yes,Yes,1,No,Yes
20,Female,Calgary,36715.0,4,9.31,2,None,Yes,No,0,No,Yes
36,Female,Ottawa,64214.0,8,9.15,3,None,Yes,No,1,Yes,Yes
37,Female,Vancouver,57354.0,4,7.65,2,Gold,Yes,Yes,1,Yes,Yes
49,Male,Montreal,53439.0,5,9.12,6,None,Yes,No,2,No,Yes
24,Female,Toronto,45087.0,5,8.06,1,Gold,No,No,2,No,Yes
69,Male,Montreal,76368.0,6,8.47,8,Silver,Yes,No,2,No,Yes
58,Male,Montreal,91138.0,3,3.93,3,Premium,No,Yes,0,No,Yes
50,Female,Calgary,65403.0,1,5.25,6,None,Yes,No,0,Yes,Yes
57,Female,Ottawa,65804.0,5,10.45,1,None,Yes,No,2,No,Yes
56,Female,Toronto,47718.0,7,4.37,4,None,Yes,Yes,5,Yes,Yes
35,Male,Montreal,38470.0,4,9.41,1,,No,Yes,4,No,Yes
57,Female,Toronto,59284.0,6,7.76,0,Gold,No,Yes,2,No,No
18,Male,Vancouver,42472.0,5,11.09,0,None,No,No,4,Yes,No
28,Female,Calgary,28093.0,6,9.95,4,,Yes,Yes,2,No,Yes
45,Male,Vancouver,74462.0,7,6.64,4,Gold,No,No,2,No,Yes
42,Male,Toronto,75339.0,4,7.33,4,Silver,No,Yes,1,Yes,Yes
67,Female,Toronto,44540.0,1,2.04,2,None,Yes,No,3,No,Yes
40,Male,Ottawa,64391.0,3,7.61,3,None,Yes,Yes,2,No,Yes
48,Male,Montreal,78035.0,7,4.19,3,None,Yes,No,2,No,No
47,Female,Montreal,63690.0,4,7.34,4,Premium,No,No,3,No,Yes
59,Male,Vancouver,38523.0,3,6.09,7,Gold,Yes,Yes,1,No,No
52,Female,Calgary,55807.0,6,5.37,0,Gold,No,Yes,0,No,Yes
24,Male,Montreal,83882.0,3,11.56,3,Premium,Yes,No,2,No,Yes
33,Female,Ottawa,64446.0,10,4.17,4,Silver,Yes,Yes,1,No,Yes
43,Female,Vancouver,69704.0,7,5.11,4,None,Yes,No,4,No,No
65,Male,Vancouver,66149.0,8,5.91,3,Silver,Yes,Yes,4,No,Yes
69,Male,Ottawa,44600.0,4,6.56,3,Gold,Yes,Yes,1,No,Yes
66,Male,Calgary,48824.0,1,5.37,3,Premium,Yes,No,3,No,Yes
19,Male,Ottawa,66099.0,6,6.92,2,Silver,No,No,2,No,Yes
18,Male,Calgary,74703.0,8,8.91,2,Silver,Yes,No,2,No,Yes
65,Female,Ottawa,79798.0,6,10.01,4,,Yes,Yes,1,Yes,Yes
29,Male,Ottawa,44554.0,11,9.86,2,None,Yes,Yes,1,Yes,No
22,Female,Toronto,67796.0,5,2.28,4,Gold,Yes,No,2,No,Yes
54,Female,Vancouver,81366.0,4,9.14,4,None,Yes,Yes,1,No,Yes
49,Male,Ottawa,42232.0,9,9.33,4,Silver,Yes,No,2,No,Yes
26,Female,Ottawa,86761.0,4,6.01,4,None,Yes,Yes,3,No,Yes
58,Female,Montreal,89500.0,2,13.0,4,Silver,Yes,Yes,2,No,Yes
52,Female,Vancouver,107251.0,5,11.26,2,Silver,No,No,1,Yes,Yes
36,Female,Montreal,64156.0,8,,2,Silver,Yes,No,2,No,Yes
65,Male,Vancouver,64255.0,6,6.21,4,Gold,Yes,No,3,Yes,Yes
33,Female,Montreal,,7,12.95,4,Gold,Yes,No,1,No,Yes
20,Male,Ottawa,74360.0,9,7.94,7,Gold,Yes,No,2,No,No
37,Male,Ottawa,80274.0,6,8.26,3,None,No,No,0,No,Yes
41,Female,Toronto,74112.0,6,8.22,2,Premium,Yes,No,3,Yes,Yes
50,Male,Montreal,58090.0,6,14.91,2,None,Yes,Yes,1,Yes,Yes
41,Male,Calgary,81995.0,9,7.35,1,None,No,Yes,3,No,Yes
69,Male,Toronto,40717.0,4,7.93,0,None,Yes,No,3,No,Yes
28,Female,Montreal,60105.0,6,5.51,3,Silver,No,Yes,2,No,Yes
66,Male,Montreal,88147.0,3,6.83,2,Premium,No,Yes,1,No,No
25,Male,Toronto,37495.0,14,4.91,2,None,Yes,No,2,No,No
53,Male,Ottawa,47805.0,3,5.57,1,Silver,Yes,No,2,Yes,Yes
55,Female,Montreal,72091.0,5,2.57,0,Gold,Yes,No,3,Yes,Yes
57,Male,Ottawa,67090.0,5,10.64,4,Silver,Yes,Yes,4,No,Yes
37,Female,Toronto,44249.0,7,8.47,1,Gold,Yes,No,2,No,No
52,Female,Ottawa,52508.0,8,8.72,4,None,Yes,No,0,No,Yes
65,Female,Vancouver,38745.0,4,7.84,6,Gold,No,No,4,Yes,Yes
42,Female,Calgary,77648.0,8,8.22,1,None,Yes,Yes,5,Yes,Yes
52,Female,Montreal,55394.0,10,12.86,3,Premium,No,Yes,5,No,Yes
42,Female,Calgary,92258.0,13,5.69,2,Silver,No,Yes,2,No,Yes
46,Male,Ottawa,61459.0,10,8.84,5,Gold,No,Yes,1,No,Yes
35,Female,Montreal,56044.0,5,8.82,3,None,Yes,Yes,3,No,No
63,Male,Ottawa,54297.0,5,11.43,1,None,Yes,Yes,1,No,Yes
35,Male,Vancouver,55604.0,6,9.32,1,None,No,No,2,No,Yes
19,Female,Toronto,61994.0,6,9.47,3,Silver,No,No,3,No,Yes
52,Male,Montreal,105223.0,5,4.23,2,,No,No,2,No,Yes
33,Male,Vancouver,53900.0,4,5.57,4,Gold,No,Yes,2,No,Yes
58,Male,Vancouver,54485.0,5,4.5,5,None,Yes,Yes,3,No,Yes
53,Male,Montreal,61180.0,5,1.0,3,Gold,Yes,Yes,3,No,No
50,Female,Ottawa,79624.0,7,9.19,2,None,Yes,Yes,3,No,Yes
21,Male,Vancouver,34422.0,8,7.22,4,None,No,Yes,1,Yes,Yes
50,Female,Calgary,68191.0,3,9.2,1,Gold,Yes,No,2,No,Yes
31,Male,Vancouver,45286.0,7,8.11,4,Gold,No,No,2,Yes,Yes
38,Male,Ottawa,,4,8.72,2,Silver,No,No,4,Yes,Yes
65,Female,Ottawa,51112.0,10,12.01,3,None,No,No,2,Yes,Yes
37,Male,Calgary,20000.0,2,8.02,3,Silver,,No,1,Yes,Yes
25,Male,Vancouver,66652.0,7,10.01,1,Silver,Yes,No,2,No,No
24,Male,Ottawa,66500.0,8,7.09,2,None,No,No,4,No,Yes
20,Female,Montreal,49576.0,6,10.47,2,Silver,Yes,No,2,No,Yes
34,Male,Toronto,48509.0,7,4.28,4,Silver,Yes,No,3,No,Yes
50,Female,Toronto,36395.0,4,2.49,3,None,Yes,No,2,No,No
65,Male,Toronto,73915.0,8,14.32,2,Premium,Yes,Yes,0,No,Yes
29,Female,Vancouver,75879.0,6,13.51,2,Gold,Yes,No,1,No,Yes
68,Female,Calgary,44177.0,6,2.16,3,None,No,No,2,No,Yes
39,Male,Ottawa,50281.0,4,7.89,2,Silver,No,No,0,No,Yes
39,Male,Montreal,58860.0,5,8.45,3,None,No,Yes,0,Yes,Yes
63,Female,Montreal,100875.0,8,10.17,4,Gold,Yes,Yes,2,No,Yes
47,Female,Vancouver,69812.0,8,13.22,2,Silver,No,No,2,No,Yes
55,Male,Toronto,43018.0,2,4.82,2,None,No,No,1,No,No
55,Female,Vancouver,65468.0,5,4.98,1,None,No,Yes,0,No,Yes
62,Male,Calgary,35219.0,8,8.0,3,None,No,No,2,Yes,No
68,Male,Calgary,72923.0,9,5.11,3,Silver,No,No,3,Yes,Yes
25,Male,Ottawa,90159.0,6,1.0,3,Gold,Yes,Yes,0,No,Yes
44,Male,Ottawa,90236.0,9,,4,None,No,No,2,No,Yes
44,Female,Calgary,73228.0,5,10.57,3,None,Yes,Yes,0,Yes,Yes
51,Male,Calgary,49498.0,3,7.94,2,None,Yes,No,0,Yes,Yes
38,Female,Calgary,36583.0,3,9.87,3,None,No,No,3,No,No
47,Male,Vancouver,34796.0,8,9.44,4,Silver,Yes,No,2,No,Yes
50,Female,Calgary,20000.0,3,4.92,6,Silver,Yes,No,3,No,Yes
45,Male,Montreal,72489.0,4,8.2,3,Gold,No,Yes,2,Yes,Yes
64,Female,Toronto,58148.0,7,3.42,3,Premium,No,No,1,Yes,Yes
50,Female,Calgary,76365.0,4,6.46,3,Premium,Yes,No,2,No,Yes
22,Male,Toronto,85704.0,9,8.15,3,Silver,No,No,1,No,Yes
65,Male,Vancouver,61798.0,4,8.0,5,Gold,Yes,No,3,Yes,Yes
36,Male,Toronto,62627.0,3,4.13,4,Premium,Yes,Yes,2,No,Yes
21,Male,Vancouver,51642.0,6,4.73,1,None,Yes,No,2,No,Yes
52,Female,Montreal,,5,8.87,3,None,Yes,No,3,No,Yes
66,Male,Vancouver,73112.0,5,10.48,4,None,Yes,Yes,1,Yes,No
34,Female,Vancouver,56861.0,5,7.38,2,Silver,Yes,No,2,No,Yes
61,Female,Ottawa,54257.0,9,7.23,2,Gold,No,No,2,No,Yes
45,Male,Calgary,59670.0,6,10.79,1,Silver,No,No,2,No,Yes
47,Female,Calgary,75953.0,8,5.68,4,Silver,No,No,0,No,Yes
46,Female,Montreal,47532.0,5,13.18,1,Silver,No,No,1,No,Yes
63,Female,Montreal,,8,3.96,3,None,,No,2,Yes,Yes
23,Female,Calgary,64415.0,11,11.15,2,None,No,Yes,1,No,Yes
52,Male,Ottawa,80883.0,2,9.62,0,None,No,No,2,No,Yes
58,Male,Calgary,55692.0,3,15.23,1,None,Yes,No,1,No,No
54,Male,Ottawa,47079.0,8,4.64,1,Gold,Yes,No,1,No,Yes
41,Male,Montreal,51281.0,3,1.0,3,Gold,No,No,2,No,No
46,Female,Toronto,78955.0,3,11.75,3,Gold,No,Yes,0,No,Yes
66,Female,Montreal,96599.0,4,3.59,4,Gold,No,Yes,2,Yes,Yes
63,Male,Montreal,36352.0,7,9.85,3,Gold,Yes,No,4,Yes,Yes
48,Male,Vancouver,40284.0,1,11.55,3,Gold,Yes,Yes,0,No,Yes
52,Male,Vancouver,56961.0,6,9.14,4,Gold,Yes,No,1,Yes,No
50,Female,Vancouver,61997.0,10,8.7,4,Gold,No,Yes,1,No,Yes
69,Male,Vancouver,74165.0,6,9.2,3,Silver,Yes,Yes,2,Yes,No
38,Male,Ottawa,43959.0,9,10.51,1,Silver,Yes,Yes,1,No,Yes
49,Male,Calgary,40864.0,5,9.76,2,Gold,Yes,No,1,No,Yes
40,Female,Toronto,62485.0,10,4.35,0,None,No,No,1,Yes,Yes
50,Female,Montreal,55348.0,8,13.47,3,Silver,Yes,No,1,Yes,Yes
20,Female,Ottawa,76680.0,2,8.15,3,Silver,Yes,No,4,No,Yes
35,Female,Toronto,68772.0,3,9.56,1,None,No,Yes,1,No,Yes
42,Female,Ottawa,69996.0,3,10.13,2,,No,Yes,2,No,Yes
59,Female,Ottawa,58119.0,4,11.47,4,None,Yes,No,2,No,Yes
48,Female,Montreal,102400.0,3,11.16,2,None,Yes,No,1,No,Yes
20,Female,Calgary,44920.0,6,8.4,5,None,No,Yes,2,No,Yes
57,Male,Vancouver,70994.0,4,8.2,4,Gold,Yes,No,1,Yes,Yes
63,Male,Calgary,37145.0,8,9.23,3,Silver,No,No,3,No,Yes
41,Female,Montreal,40677.0,6,11.3,3,Silver,No,Yes,3,Yes,No
67,Female,Montreal,49067.0,6,4.66,4,Gold,Yes,Yes,2,No,Yes
49,Male,Montreal,89327.0,3,9.93,3,None,No,No,1,No,Yes
64,Female,Toronto,64750.0,5,5.34,2,None,No,Yes,3,No,Yes
39,Female,Calgary,49371.0,7,13.55,6,None,Yes,Yes,6,No,Yes
40,Female,Calgary,66739.0,3,9.1,1,Gold,Yes,No,2,No,Yes
19,Male,Ottawa,60632.0,9,6.75,3,Silver,No,No,1,No,No
44,Male,Ottawa,51144.0,3,9.29,2,None,,No,3,No,Yes
59,Male,Ottawa,34860.0,6,8.03,4,None,No,Yes,2,Yes,Yes
19,Male,Montreal,85893.0,2,7.52,2,None,No,No,1,No,Yes
43,Male,Calgary,63776.0,8,2.57,3,Silver,Yes,No,2,Yes,No
34,Female,Montreal,99127.0,2,4.93,2,None,No,Yes,1,No,No
57,Male,Toronto,76925.0,7,7.58,2,None,No,Yes,2,No,Yes
50,Female,Ottawa,69923.0,8,2.93,3,Silver,Yes,No,3,No,Yes
26,Female,Montreal,,5,6.24,3,Gold,Yes,No,1,No,Yes
60,Male,Montreal,40283.0,1,6.5,4,Gold,No,No,1,Yes,No
65,Male,Toronto,56080.0,7,5.66,4,,Yes,Yes,5,No,Yes
56,Female,Vancouver,39762.0,5,10.32,2,Gold,Yes,No,1,Yes,Yes
46,Female,Calgary,71703.0,5,5.36,2,,No,No,1,Yes,Yes
59,Female,Vancouver,89387.0,5,8.27,4,Premium,No,No,1,No,No
43,Male,Ottawa,55303.0,6,6.94,2,None,No,No,0,Yes,Yes
52,Male,Montreal,77000.0,7,7.64,2,Silver,Yes,Yes,2,No,Yes
67,Male,Toronto,47593.0,7,12.82,8,Silver,Yes,No,5,No,Yes
42,Male,Toronto,54555.0,7,8.54,3,None,Yes,Yes,1,No,Yes
41,Male,Calgary,45330.0,9,9.12,3,Gold,No,Yes,2,Yes,Yes
30,Female,Vancouver,21603.0,6,5.7,4,None,No,No,4,No,Yes
24,Male,Calgary,59342.0,3,9.88,1,Silver,Yes,No,3,No,Yes
53,Female,Montreal,62312.0,9,9.75,4,Silver,Yes,Yes,2,No,Yes
62,Female,Calgary,79185.0,8,9.46,4,None,No,No,0,No,Yes
37,Female,Toronto,74317.0,9,4.37,4,Silver,Yes,Yes,3,No,Yes
18,Male,Toronto,74561.0,3,6.24,3,Silver,Yes,No,3,Yes,No
25,Male,Ottawa,42467.0,9,12.3,3,Gold,No,No,0,No,Yes
63,Male,Ottawa,68270.0,7,5.94,2,Gold,Yes,Yes,1,No,Yes
33,Female,Montreal,88486.0,11,,2,None,No,Yes,2,No,Yes
31,Female,Vancouver,66837.0,5,6.36,2,Silver,No,Yes,6,Yes,No
29,Female,Calgary,92914.0,12,8.44,2,Premium,Yes,Yes,2,No,Yes
68,Female,Montreal,96341.0,6,7.44,3,None,Yes,Yes,1,No,Yes
40,Female,Ottawa,55167.0,5,5.47,0,Silver,Yes,No,3,No,Yes
32,Female,Calgary,47455.0,5,5.51,4,Gold,No,Yes,1,No,Yes
45,Male,Ottawa,46293.0,4,5.89,3,Silver,Yes,No,5,Yes,Yes
51,Male,Calgary,32709.0,4,8.44,6,None,No,Yes,1,No,Yes
19,Male,Vancouver,50668.0,4,10.67,4,Silver,No,No,3,No,Yes
49,Male,Montreal,81737.0,9,8.25,1,Silver,,Yes,2,No,Yes
40,Female,Calgary,20327.0,0,7.9,4,Premium,Yes,Yes,2,No,Yes
39,Female,Toronto,41325.0,7,11.63,6,None,No,No,3,Yes,Yes
68,Male,Toronto,57711.0,6,8.12,3,Premium,No,Yes,2,No,Yes
42,Female,Calgary,44210.0,6,6.37,2,Silver,Yes,No,1,Yes,Yes
39,Male,Calgary,50508.0,7,5.01,1,None,Yes,No,2,No,No
39,Male,Calgary,50778.0,3,11.81,4,Silver,Yes,No,0,Yes,Yes
66,Male,Toronto,55364.0,3,,4,Silver,Yes,Yes,2,No,Yes
69,Female,Toronto,46869.0,4,6.26,3,,No,Yes,3,No,Yes
59,Male,Calgary,45398.0,3,6.0,2,None,Yes,No,1,No,Yes
23,Male,Ottawa,76817.0,5,11.64,4,Gold,No,No,0,No,Yes
32,Male,Ottawa,78893.0,6,6.28,6,Premium,No,Yes,2,No,Yes
60,Female,Vancouver,35150.0,7,10.97,3,None,,Yes,2,No,Yes
54,Female,Montreal,20000.0,2,7.31,2,None,No,Yes,2,No,Yes
50,Male,Ottawa,79140.0,6,,5,Gold,Yes,No,1,No,Yes
25,Female,Toronto,37881.0,6,7.0,1,Silver,No,Yes,0,Yes,Yes
61,Female,Ottawa,63829.0,3,7.9,1,None,Yes,No,3,No,No
61,Female,Vancouver,31817.0,5,7.65,1,Premium,Yes,Yes,1,No,Yes
22,Female,Vancouver,83359.0,7,7.58,1,,Yes,No,0,Yes,Yes
56,Female,Montreal,105786.0,4,7.03,2,Silver,No,Yes,2,Yes,Yes
21,Female,Ottawa,63290.0,5,5.64,3,Silver,,No,3,No,Yes
23,Female,Toronto,58306.0,2,8.03,1,Silver,Yes,Yes,1,No,No
62,Female,Toronto,54201.0,5,9.62,1,None,,Yes,5,Yes,Yes
49,Female,Calgary,74072.0,7,3.61,2,Gold,No,Yes,1,No,Yes
69,Female,Toronto,70218.0,5,11.9,3,Premium,Yes,Yes,0,No,No
47,Male,Montreal,78062.0,6,1.0,5,Silver,,Yes,3,Yes,Yes
64,Male,Montreal,48697.0,8,8.23,4,Silver,No,No,0,Yes,No
52,Female,Toronto,,4,9.4,3,None,Yes,No,2,No,No
57,Male,Toronto,50235.0,7,6.19,1,Premium,Yes,Yes,0,No,Yes
69,Male,Calgary,40961.0,6,1.62,2,Premium,Yes,No,4,No,Yes
33,Female,Toronto,59261.0,4,7.71,0,Gold,Yes,No,1,No,No
30,Female,Calgary,43394.0,3,8.51,2,Silver,Yes,Yes,3,Yes,Yes
67,Female,Calgary,81127.0,8,4.55,2,Premium,Yes,No,0,No,Yes
59,Male,Toronto,44485.0,5,5.51,5,None,Yes,No,1,No,Yes
47,Male,Vancouver,66543.0,10,10.89,3,Silver,Yes,No,2,No,Yes
36,Female,Vancouver,49138.0,6,8.35,2,Silver,No,Yes,2,No,Yes
34,Female,Calgary,64987.0,4,3.47,4,Silver,No,Yes,2,Yes,Yes
36,Female,Toronto,50568.0,8,9.35,5,Gold,Yes,No,0,No,Yes
45,Male,Vancouver,37370.0,3,5.21,3,Gold,No,No,1,Yes,Yes
43,Male,Toronto,68707.0,7,5.68,2,,Yes,Yes,4,Yes,Yes
54,Male,Toronto,55762.0,5,8.59,0,None,Yes,No,1,No,No
43,Male,Toronto,65147.0,7,8.31,3,None,Yes,No,2,Yes,Yes
40,Female,Ottawa,52280.0,5,6.79,1,Silver,Yes,Yes,5,No,Yes
26,Female,Toronto,36097.0,3,6.49,6,None,No,No,2,Yes,Yes
29,Female,Ottawa,79497.0,5,7.25,4,None,Yes,No,5,Yes,Yes
18,Female,Calgary,73261.0,6,5.66,3,Gold,Yes,Yes,4,No,No
18,Male,Vancouver,49794.0,8,11.27,7,Gold,No,No,3,Yes,Yes
64,Male,Vancouver,61256.0,1,3.29,4,Premium,Yes,Yes,2,Yes,No
51,Female,Vancouver,78756.0,9,7.28,3,Premium,Yes,Yes,1,No,Yes
49,Female,Vancouver,51773.0,6,3.62,1,Gold,Yes,No,1,Yes,Yes
65,Male,Vancouver,54566.0,4,10.81,2,None,Yes,No,3,Yes,No
42,Female,Vancouver,64385.0,9,7.27,1,Gold,Yes,No,3,No,Yes
57,Male,Vancouver,51736.0,1,4.83,4,Silver,Yes,No,1,Yes,Yes
62,Female,Calgary,75427.0,5,10.06,2,Gold,Yes,No,4,No,Yes
18,Female,Toronto,56959.0,5,1.12,1,Silver,Yes,No,2,Yes,No
33,Female,Montreal,45887.0,6,8.84,2,Gold,No,Yes,5,Yes,Yes
56,Female,Ottawa,70955.0,6,11.45,1,Silver,No,No,6,No,Yes
22,Female,Montreal,39441.0,7,8.54,3,None,No,No,1,No,No
39,Female,Montreal,96267.0,9,6.48,1,Silver,No,Yes,2,Yes,Yes
46,Female,Toronto,88484.0,7,4.27,3,None,No,No,1,No,No
20,Male,Toronto,69242.0,5,11.25,3,Premium,No,No,2,Yes,Yes
29,Male,Toronto,67727.0,5,10.78,1,Silver,No,No,2,Yes,No
43,Male,Vancouver,66883.0,5,6.06,2,Silver,Yes,Yes,0,No,No
33,Male,Calgary,51196.0,10,6.14,3,Premium,,No,2,Yes,Yes
68,Male,Vancouver,65351.0,4,11.56,6,Silver,Yes,Yes,0,No,No
54,Female,Calgary,43383.0,4,9.59,3,None,No,Yes,5,Yes,Yes
39,Female,Calgary,69068.0,4,2.64,5,None,Yes,No,2,No,Yes
46,Male,Montreal,75621.0,6,7.41,1,Silver,No,No,0,No,No
31,Female,Montreal,53194.0,7,7.3,2,Gold,Yes,Yes,1,No,No
45,Male,Calgary,49288.0,7,8.74,3,Gold,Yes,Yes,3,Yes,Yes
22,Male,Calgary,38175.0,5,8.02,3,Premium,Yes,No,3,No,Yes
64,Female,Vancouver,86243.0,7,6.46,1,None,Yes,No,2,No,Yes
66,Female,Vancouver,50718.0,6,8.54,3,None,Yes,No,3,No,No
47,Female,Montreal,56422.0,5,6.66,3,None,Yes,No,3,No,Yes
63,Male,Toronto,65402.0,5,18.24,1,Gold,Yes,Yes,1,No,Yes
69,Female,Calgary,65079.0,4,8.37,3,None,Yes,Yes,0,No,No
22,Male,Vancouver,73438.0,5,7.96,2,None,No,Yes,2,No,Yes
29,Male,Montreal,53172.0,2,13.53,4,Silver,Yes,Yes,3,No,No
33,Male,Vancouver,39503.0,2,3.91,4,Silver,Yes,Yes,0,No,Yes
43,Female,Calgary,36354.0,2,7.67,3,Gold,No,Yes,3,Yes,Yes
43,Female,Calgary,49573.0,6,5.15,4,Silver,Yes,No,1,No,Yes
65,Male,Ottawa,42866.0,11,9.91,5,Silver,Yes,Yes,2,No,Yes
38,Female,Toronto,54534.0,5,6.52,3,Silver,Yes,No,0,No,Yes
56,Female,Ottawa,83536.0,5,9.74,2,Premium,No,No,2,Yes,No
53,Female,Montreal,53208.0,4,9.52,6,Silver,Yes,No,3,No,Yes
50,Male,Vancouver,53202.0,1,10.34,2,None,Yes,No,2,No,No
47,Male,Montreal,59704.0,6,9.57,2,None,No,No,0,No,Yes
54,Female,Calgary,52698.0,6,7.33,4,None,Yes,Yes,1,No,No
40,Male,Ottawa,58786.0,1,3.81,1,,No,Yes,2,No,Yes
27,Female,Ottawa,69735.0,5,11.03,0,None,Yes,Yes,0,No,Yes
22,Female,Ottawa,,7,12.23,4,Premium,Yes,Yes,3,Yes,Yes
53,Female,Montreal,78057.0,5,5.19,4,None,No,No,0,Yes,No
51,Female,Calgary,97023.0,14,10.21,2,Premium,Yes,No,1,Yes,No
69,Male,Vancouver,70248.0,3,4.49,0,Gold,No,No,3,Yes,No
48,Male,Vancouver,100220.0,8,8.61,3,Silver,No,Yes,2,No,Yes
27,Male,Montreal,46023.0,4,9.23,6,Gold,,No,1,No,Yes
36,Female,Ottawa,,2,6.72,4,None,No,Yes,1,No,Yes
49,Female,Toronto,53153.0,3,8.29,3,Silver,Yes,No,0,No,Yes
18,Female,Montreal,54923.0,8,10.54,1,None,No,Yes,3,No,Yes
22,Male,Montreal,57842.0,5,7.67,4,Silver,Yes,Yes,2,No,Yes
62,Female,Calgary,,8,5.97,4,Gold,Yes,Yes,1,No,No
21,Male,Vancouver,61545.0,3,4.33,2,None,Yes,No,3,Yes,Yes
33,Male,Montreal,49559.0,10,6.83,7,Gold,Yes,Yes,1,No,Yes
41,Male,Montreal,74939.0,4,4.48,2,Silver,Yes,Yes,1,Yes,No
33,Male,Ottawa,50048.0,7,6.87,4,Silver,No,No,2,No,Yes
19,Male,Ottawa,71800.0,8,6.6,1,Premium,No,No,6,No,Yes
66,Male,Toronto,87499.0,9,,3,Gold,Yes,Yes,1,No,Yes
45,Female,Calgary,53572.0,8,8.22,0,Silver,Yes,No,2,Yes,Yes
49,Female,Toronto,74298.0,9,15.64,1,Gold,No,Yes,4,No,No
44,Male,Ottawa,70064.0,8,1.96,3,Premium,Yes,Yes,3,No,Yes
37,Male,Vancouver,100551.0,5,,2,None,Yes,No,3,Yes,Yes
41,Female,Ottawa,50913.0,8,6.65,2,Silver,Yes,Yes,0,Yes,Yes
29,Male,Calgary,74311.0,6,5.13,2,Silver,Yes,No,3,No,Yes
67,Male,Ottawa,30731.0,4,7.91,4,None,Yes,No,0,Yes,No
52,Female,Calgary,51074.0,9,,2,None,No,No,1,No,Yes
50,Male,Calgary,66361.0,6,11.23,3,None,No,No,2,No,No
50,Male,Calgary,85076.0,2,8.27,4,Silver,Yes,No,3,No,Yes
68,Male,Calgary,37933.0,8,5.92,3,Premium,No,Yes,3,Yes,No
60,Female,Calgary,74149.0,8,9.0,5,Gold,Yes,Yes,1,No,Yes
54,Female,Vancouver,58861.0,12,7.31,1,Silver,Yes,No,2,No,Yes
29,Female,Toronto,32612.0,5,4.62,6,None,Yes,No,6,Yes,Yes
20,Male,Montreal,63268.0,6,7.25,3,None,Yes,No,0,Yes,No
18,Male,Toronto,90764.0,7,8.69,4,Silver,Yes,No,1,Yes,No
50,Female,Calgary,39832.0,6,8.22,4,Silver,Yes,Yes,0,No,Yes
57,Male,Vancouver,58021.0,7,8.99,4,None,Yes,No,5,No,Yes
27,Male,Ottawa,42240.0,9,6.42,2,Silver,Yes,Yes,2,Yes,No
60,Male,Vancouver,51565.0,6,8.95,6,Premium,No,No,2,No,Yes
61,Male,Calgary,85779.0,12,8.36,1,Gold,,No,1,No,Yes
46,Male,Vancouver,55112.0,3,8.38,6,Gold,Yes,Yes,0,No,Yes
30,Female,Vancouver,85228.0,2,8.1,3,Gold,No,No,3,No,Yes
29,Male,Calgary,79962.0,8,,3,None,No,No,3,Yes,Yes
48,Female,Vancouver,53470.0,9,11.33,2,,No,Yes,2,Yes,Yes
63,Male,Montreal,50953.0,10,8.89,3,Gold,Yes,No,2,No,No
19,Female,Montreal,43872.0,6,5.6,5,Gold,Yes,No,4,Yes,Yes
68,Male,Vancouver,43244.0,7,7.12,4,Silver,No,No,2,No,Yes
67,Female,Ottawa,66357.0,7,12.85,4,None,Yes,Yes,2,No,No
52,Male,Calgary,59643.0,6,6.31,2,Silver,Yes,No,2,No,Yes
40,Female,Montreal,48775.0,8,7.5,4,None,Yes,No,1,No,No
34,Male,Ottawa,32122.0,8,7.34,5,None,No,No,0,No,No
43,Female,Vancouver,61911.0,7,9.1,3,None,No,No,1,No,No
25,Male,Ottawa,51548.0,6,6.69,5,,Yes,No,3,No,Yes
46,Female,Toronto,56484.0,6,8.53,1,None,Yes,No,3,No,Yes
43,Female,Montreal,65483.0,7,6.76,4,None,No,Yes,4,No,No
27,Male,Vancouver,20000.0,6,11.94,3,Gold,Yes,No,3,No,Yes
43,Male,Calgary,32401.0,6,5.94,6,Silver,Yes,Yes,1,Yes,Yes
51,Female,Vancouver,101335.0,5,10.93,4,Silver,Yes,Yes,2,Yes,Yes
68,Male,Calgary,50881.0,7,6.24,3,Silver,No,No,3,No,Yes
58,Female,Vancouver,20000.0,6,5.44,2,Premium,No,No,1,No,No
24,Female,Ottawa,33901.0,1,5.9,3,None,No,No,0,No,Yes
21,Female,Ottawa,104720.0,6,2.87,3,None,Yes,No,3,No,Yes
67,Male,Ottawa,47346.0,4,9.32,1,Silver,Yes,Yes,1,Yes,Yes
62,Female,Toronto,80862.0,8,4.51,2,None,Yes,Yes,1,No,Yes
28,Female,Calgary,62180.0,5,6.93,3,Silver,No,Yes,1,No,Yes
46,Male,Ottawa,,1,10.28,4,Silver,Yes,No,0,No,No
53,Male,Toronto,73958.0,6,10.19,3,Premium,Yes,Yes,1,No,Yes
42,Male,Calgary,20000.0,11,3.71,1,Premium,No,Yes,2,No,Yes
38,Male,Vancouver,34059.0,5,8.93,1,Premium,Yes,Yes,4,No,No
53,Female,Toronto,51137.0,5,11.42,1,None,Yes,No,1,No,Yes
27,Female,Montreal,35827.0,9,6.09,4,Gold,No,No,2,No,Yes
54,Female,Toronto,49545.0,3,9.54,2,None,Yes,No,2,No,No
26,Female,Toronto,75366.0,6,4.57,4,Silver,Yes,Yes,0,Yes,Yes
41,Male,Calgary,62378.0,7,9.16,2,Gold,Yes,Yes,1,No,No
52,Female,Vancouver,83951.0,5,,3,None,Yes,Yes,0,No,Yes
66,Female,Montreal,63516.0,4,9.98,5,Silver,Yes,Yes,3,No,Yes
52,Male,Ottawa,77864.0,8,9.8,4,None,No,Yes,5,No,Yes
65,Female,Ottawa,58846.0,10,3.94,3,None,Yes,Yes,3,No,Yes
53,Female,Toronto,49375.0,4,8.41,1,Premium,No,Yes,0,No,No
35,Female,Calgary,86650.0,8,12.36,4,None,Yes,Yes,0,No,Yes
66,Female,Calgary,47231.0,9,1.44,4,None,Yes,Yes,1,No,Yes
56,Female,Ottawa,66189.0,7,,3,Silver,Yes,No,1,Yes,Yes
49,Female,Montreal,73840.0,9,12.81,4,Gold,No,No,1,No,No
41,Male,Vancouver,75146.0,5,3.55,4,None,Yes,No,1,Yes,Yes
40,Male,Montreal,39022.0,5,5.99,3,Silver,No,Yes,3,Yes,No
49,Female,Vancouver,78935.0,3,9.55,1,,No,Yes,1,No,Yes
54,Female,Ottawa,42378.0,3,5.34,1,None,No,No,1,No,Yes
29,Male,Vancouver,74592.0,9,,4,None,No,Yes,2,Yes,Yes
66,Female,Calgary,69633.0,5,11.18,4,Gold,Yes,No,2,No,Yes
30,Female,Toronto,74735.0,9,3.85,3,Silver,No,No,2,No,Yes
40,Female,Toronto,38309.0,7,5.77,2,Gold,No,No,3,Yes,Yes
42,Male,Ottawa,70582.0,10,10.31,3,None,No,No,1,No,Yes
52,Female,Calgary,79540.0,4,,3,Premium,Yes,No,0,No,Yes
58,Male,Montreal,63481.0,5,14.66,4,Premium,No,No,3,No,Yes
47,Female,Calgary,45264.0,2,5.36,3,None,Yes,Yes,4,No,No
34,Male,Toronto,76555.0,8,12.38,0,None,Yes,Yes,4,No,Yes
66,Male,Toronto,62050.0,7,5.26,5,Premium,No,Yes,1,No,Yes
37,Female,Calgary,29860.0,9,9.5,2,Silver,No,Yes,5,No,Yes
65,Male,Calgary,43868.0,6,10.68,2,Silver,Yes,Yes,1,No,Yes
42,Female,Toronto,50526.0,6,1.0,3,Silver,No,Yes,2,No,Yes
39,Male,Montreal,87104.0,7,10.73,2,Gold,Yes,No,5,No,Yes
30,Female,Ottawa,83943.0,7,12.15,2,Gold,Yes,Yes,3,Yes,Yes
36,Female,Ottawa,83885.0,6,11.29,2,None,Yes,Yes,5,Yes,Yes
66,Male,Calgary,64182.0,3,14.16,1,None,Yes,Yes,2,No,Yes
53,Female,Ottawa,76444.0,3,10.9,3,Premium,No,No,4,No,No
29,Female,Toronto,39465.0,7,6.39,4,Gold,Yes,Yes,3,Yes,Yes
58,Male,Toronto,60122.0,4,11.72,1,Silver,Yes,No,3,No,Yes
36,Female,Calgary,68129.0,2,6.22,2,Premium,Yes,No,1,Yes,Yes
29,Female,Calgary,40651.0,9,8.25,3,Gold,Yes,No,1,Yes,Yes
26,Male,Calgary,63778.0,2,10.5,2,None,No,Yes,0,Yes,Yes
24,Male,Montreal,90359.0,8,9.34,4,Gold,Yes,No,2,No,Yes
45,Female,Ottawa,70057.0,6,12.05,0,Silver,Yes,No,1,No,No
31,Female,Calgary,76515.0,6,15.47,4,None,No,Yes,1,Yes,Yes
48,Male,Vancouver,20000.0,3,4.59,2,None,Yes,Yes,3,No,Yes
69,Male,Vancouver,88043.0,7,7.01,7,Gold,No,Yes,1,Yes,Yes
36,Female,Toronto,56649.0,4,8.95,4,Premium,Yes,No,3,No,Yes
64,Male,Ottawa,46163.0,5,6.61,2,None,Yes,Yes,2,Yes,No
33,Female,Calgary,56856.0,4,7.77,2,None,No,No,3,No,Yes
22,Female,Vancouver,33269.0,9,10.33,6,Silver,No,Yes,2,No,Yes
52,Female,Ottawa,78862.0,7,9.93,2,Gold,Yes,No,2,No,Yes
29,Female,Toronto,53962.0,3,8.74,8,Gold,No,No,3,Yes,Yes
42,Female,Montreal,46704.0,6,8.44,3,Silver,No,Yes,2,Yes,Yes
69,Male,Ottawa,56975.0,6,7.33,2,Silver,Yes,Yes,1,No,Yes
38,Male,Ottawa,80124.0,2,12.21,2,None,Yes,Yes,2,No,Yes
53,Male,Montreal,62366.0,8,12.99,4,Silver,Yes,Yes,2,No,Yes
40,Male,Ottawa,34625.0,7,11.06,4,None,Yes,No,0,No,Yes
33,Female,Toronto,68369.0,8,4.55,6,Premium,Yes,Yes,0,No,Yes
56,Female,Toronto,43278.0,7,7.21,4,None,No,No,2,No,Yes
62,Female,Montreal,21190.0,8,8.6,4,Gold,Yes,Yes,4,No,Yes
59,Female,Calgary,86928.0,6,5.18,5,None,No,Yes,2,Yes,Yes
56,Male,Vancouver,68230.0,5,8.24,3,Silver,Yes,No,2,No,Yes
31,Female,Calgary,58591.0,8,8.07,2,None,Yes,No,4,No,No
48,Female,Ottawa,53779.0,7,11.25,3,None,No,Yes,2,No,Yes
22,Male,Vancouver,85147.0,7,6.51,2,None,Yes,No,3,Yes,Yes
52,Male,Montreal,115568.0,2,11.49,2,Gold,Yes,Yes,2,No,Yes
40,Male,Montreal,68078.0,10,5.13,8,Silver,Yes,No,2,No,Yes
46,Male,Vancouver,41466.0,5,5.55,2,Gold,No,Yes,0,No,Yes
60,Female,Toronto,57219.0,5,6.86,4,Silver,Yes,Yes,3,Yes,Yes
28,Female,Vancouver,67750.0,6,8.14,8,Silver,Yes,No,1,No,Yes
35,Male,Ottawa,20000.0,11,1.0,5,Silver,No,Yes,1,Yes,No
64,Female,Toronto,66020.0,5,9.38,7,Premium,No,Yes,1,No,Yes
29,Female,Montreal,67855.0,5,13.13,3,Silver,Yes,Yes,4,No,Yes
26,Female,Vancouver,83874.0,1,9.95,1,None,Yes,No,1,No,Yes
27,Male,Calgary,81998.0,6,7.37,2,Premium,No,No,2,No,Yes
61,Female,Calgary,62001.0,10,4.75,2,None,No,No,0,No,No
34,Male,Ottawa,87263.0,11,2.56,2,Gold,Yes,No,2,No,Yes
55,Female,Calgary,96642.0,5,3.07,6,None,Yes,No,0,Yes,Yes
24,Female,Vancouver,60503.0,2,7.61,2,Gold,No,Yes,4,No,Yes
63,Female,Vancouver,67527.0,7,14.32,5,None,No,Yes,1,No,Yes
30,Male,Calgary,28188.0,6,1.0,2,Premium,No,No,5,Yes,No
57,Female,Vancouver,33882.0,4,10.1,4,Silver,Yes,Yes,2,No,Yes
59,Male,Ottawa,44912.0,9,5.97,5,None,Yes,Yes,2,Yes,Yes
26,Male,Toronto,,6,6.99,1,None,No,No,4,Yes,No
67,Male,Ottawa,40269.0,1,5.19,4,Silver,Yes,No,0,No,Yes
44,Female,Ottawa,,6,3.9,1,Gold,Yes,Yes,1,No,Yes
19,Female,Vancouver,52553.0,5,8.38,5,Silver,Yes,Yes,5,No,Yes
22,Female,Toronto,79276.0,6,8.79,6,None,Yes,No,1,No,Yes
46,Female,Vancouver,51454.0,4,10.01,4,Silver,Yes,No,1,No,Yes
54,Male,Montreal,20000.0,9,2.94,3,Silver,No,Yes,1,Yes,No
55,Male,Vancouver,62263.0,4,10.62,1,None,No,Yes,1,Yes,Yes
36,Male,Vancouver,59744.0,4,10.68,1,None,No,No,1,No,Yes
25,Female,Vancouver,44483.0,7,9.27,1,Gold,No,Yes,1,No,Yes
65,Male,Toronto,61709.0,3,6.74,3,Premium,Yes,No,3,No,Yes
62,Female,Vancouver,,7,8.93,2,None,Yes,Yes,3,No,No
18,Male,Toronto,65937.0,5,7.52,0,Gold,Yes,Yes,1,Yes,Yes
39,Female,Calgary,,6,10.91,1,None,Yes,Yes,2,No,Yes
69,Female,Montreal,27499.0,6,6.9,6,Silver,No,No,3,No,Yes
34,Male,Toronto,50707.0,9,8.32,4,Silver,Yes,No,3,No,Yes
24,Male,Calgary,47822.0,6,,2,None,Yes,Yes,1,Yes,Yes
42,Male,Toronto,52201.0,7,8.92,4,Silver,Yes,No,2,No,Yes
62,Male,Toronto,78358.0,9,,5,Premium,Yes,Yes,3,Yes,Yes
21,Female,Montreal,69770.0,5,9.54,0,Premium,No,No,5,No,Yes
53,Male,Ottawa,75277.0,3,10.37,0,None,Yes,Yes,2,Yes,Yes
23,Male,Ottawa,60548.0,11,6.17,4,None,Yes,No,5,No,Yes
48,Male,Toronto,36202.0,9,8.09,3,Premium,Yes,Yes,2,No,Yes
36,Female,Vancouver,39935.0,6,8.52,4,None,No,No,4,No,Yes
61,Female,Calgary,73432.0,14,9.1,1,Gold,Yes,No,2,No,Yes
56,Male,Vancouver,63074.0,6,10.37,3,None,Yes,Yes,2,Yes,Yes
44,Female,Vancouver,82683.0,4,9.98,4,Silver,Yes,Yes,1,No,Yes
27,Male,Toronto,65278.0,10,6.86,2,None,Yes,Yes,2,No,Yes
43,Female,Toronto,38705.0,8,12.79,5,Gold,Yes,No,1,No,Yes
36,Female,Toronto,50605.0,4,10.26,2,Premium,No,Yes,1,No,Yes
56,Female,Toronto,70166.0,5,12.22,4,,No,No,0,No,No
20,Female,Ottawa,72785.0,9,9.04,2,Gold,No,No,2,No,No
62,Male,Toronto,75391.0,9,9.22,3,Silver,Yes,Yes,5,No,Yes
30,Male,Ottawa,41126.0,7,7.65,3,None,Yes,Yes,3,No,Yes
67,Male,Ottawa,38381.0,11,6.67,0,Gold,Yes,No,1,Yes,Yes
45,Female,Toronto,56583.0,6,10.93,5,Silver,Yes,No,2,Yes,Yes
37,Male,Montreal,85921.0,7,,5,,Yes,No,2,Yes,Yes
45,Male,Calgary,47510.0,4,7.61,2,None,Yes,Yes,2,Yes,Yes
25,Male,Vancouver,68189.0,6,,2,Premium,,Yes,3,No,Yes
58,Female,Ottawa,68191.0,5,12.67,1,Gold,No,No,6,Yes,Yes
56,Female,Calgary,73693.0,7,8.34,0,Gold,No,No,3,Yes,No
18,Female,Montreal,89959.0,7,4.32,5,None,No,No,3,No,Yes
20,Male,Vancouver,88114.0,6,8.24,2,Gold,Yes,Yes,3,No,Yes
30,Male,Vancouver,49297.0,11,7.4,5,None,Yes,Yes,1,No,No
45,Male,Ottawa,22237.0,7,7.27,3,Premium,Yes,Yes,2,No,Yes
66,Female,Toronto,47786.0,7,9.73,1,None,Yes,No,2,Yes,No
42,Female,Montreal,61362.0,6,7.4,1,Silver,Yes,Yes,0,Yes,No
50,Male,Ottawa,,5,7.08,4,Silver,Yes,No,2,No,No
55,Female,Montreal,95422.0,2,12.09,5,Gold,Yes,No,3,No,Yes
23,Female,Toronto,60338.0,4,2.78,1,Gold,No,Yes,2,No,Yes
61,Female,Toronto,71766.0,4,7.85,0,Silver,No,Yes,1,No,No
62,Female,Ottawa,63909.0,5,10.79,1,Silver,Yes,No,2,Yes,No
49,Male,Toronto,53760.0,8,9.88,7,Gold,Yes,Yes,1,No,Yes
62,Female,Calgary,25353.0,6,11.06,4,None,Yes,Yes,2,Yes,Yes
64,Female,Vancouver,58584.0,5,14.06,5,Gold,No,Yes,0,No,Yes
38,Female,Ottawa,118583.0,10,13.1,2,Premium,Yes,No,0,No,Yes
33,Female,Montreal,37599.0,1,4.53,4,None,No,No,4,No,No
38,Male,Calgary,27332.0,13,3.17,4,None,Yes,No,3,No,Yes
28,Male,Ottawa,94855.0,9,8.98,0,None,Yes,No,0,No,Yes
54,Female,Toronto,73357.0,9,3.94,3,None,Yes,No,0,No,Yes
53,Female,Toronto,63373.0,6,2.22,3,Silver,Yes,No,3,No,Yes
52,Female,Toronto,84528.0,7,8.95,5,Gold,Yes,No,2,No,Yes
36,Female,Toronto,45032.0,8,9.7,3,Silver,No,Yes,4,No,Yes
37,Female,Montreal,58081.0,10,13.13,5,None,Yes,Yes,4,No,Yes
35,Female,Calgary,77192.0,3,10.31,4,Gold,Yes,No,1,No,No
64,Male,Vancouver,97986.0,8,13.76,0,Gold,No,No,0,Yes,Yes
58,Female,Montreal,38966.0,6,9.07,2,Premium,Yes,Yes,3,No,Yes
66,Male,Montreal,83053.0,6,4.59,1,None,Yes,No,3,No,No
31,Male,Vancouver,66873.0,4,10.47,3,Gold,Yes,Yes,1,No,Yes
32,Female,Vancouver,62935.0,6,12.0,5,Premium,No,Yes,1,No,Yes
48,Male,Toronto,59860.0,6,9.17,6,Silver,No,No,4,Yes,Yes
18,Male,Montreal,35076.0,5,12.35,2,Silver,,Yes,2,Yes,No
20,Male,Ottawa,77335.0,9,7.63,2,None,,No,1,No,Yes
33,Male,Vancouver,45919.0,7,9.64,6,Gold,No,Yes,1,Yes,Yes
40,Male,Vancouver,40565.0,5,7.48,9,Silver,Yes,Yes,1,Yes,Yes
28,Male,Calgary,75938.0,7,15.14,3,Premium,No,No,3,Yes,No
29,Female,Ottawa,74204.0,8,10.52,0,Gold,Yes,No,1,Yes,No
27,Male,Ottawa,61422.0,5,4.65,3,Silver,,Yes,2,No,Yes
49,Male,Vancouver,79431.0,4,13.56,1,Silver,,No,2,No,Yes
33,Male,Toronto,85666.0,5,5.8,3,None,No,No,1,No,Yes
25,Female,Calgary,83548.0,9,8.04,3,None,Yes,Yes,2,No,Yes
55,Male,Ottawa,50490.0,8,9.4,2,Gold,No,Yes,1,Yes,No
29,Female,Vancouver,78253.0,6,9.65,0,Gold,Yes,No,0,Yes,Yes
41,Male,Ottawa,63809.0,5,9.45,4,Silver,No,No,0,No,No
45,Female,Calgary,91066.0,1,4.6,3,Gold,Yes,Yes,5,No,Yes
25,Female,Calgary,57772.0,3,9.46,2,None,No,Yes,1,Yes,Yes
45,Male,Montreal,53583.0,7,11.3,1,Silver,No,Yes,0,No,No
53,Male,Vancouver,48951.0,10,11.22,3,Silver,Yes,Yes,5,No,Yes
43,Female,Calgary,63407.0,6,4.09,0,None,No,No,2,No,Yes
25,Male,Montreal,68401.0,3,6.03,4,Premium,Yes,No,2,Yes,Yes
67,Female,Montreal,68747.0,6,4.87,4,Gold,No,Yes,3,No,Yes
45,Female,Ottawa,66285.0,5,9.02,1,Silver,No,No,2,Yes,Yes
45,Female,Ottawa,72078.0,5,3.35,3,Silver,Yes,No,0,No,No
54,Female,Montreal,55994.0,9,4.63,3,None,No,No,1,No,Yes
58,Female,Ottawa,44294.0,6,6.0,3,Silver,Yes,No,2,No,Yes
53,Male,Calgary,42723.0,7,2.61,6,Gold,Yes,No,0,Yes,Yes
44,Female,Toronto,77550.0,8,7.92,5,Premium,No,No,0,Yes,Yes
34,Female,Calgary,68465.0,4,1.68,5,Gold,,Yes,0,No,No
26,Male,Montreal,26594.0,4,9.46,3,None,Yes,No,1,No,Yes
50,Female,Montreal,79741.0,5,6.81,2,Silver,Yes,No,2,No,Yes
37,Male,Calgary,93847.0,11,6.13,5,None,No,Yes,2,No,Yes
30,Male,Ottawa,47113.0,4,6.62,5,None,Yes,Yes,1,Yes,Yes
45,Male,Ottawa,66050.0,6,7.82,6,Silver,No,Yes,0,No,Yes
65,Female,Montreal,51477.0,9,9.78,1,Silver,No,No,3,Yes,No
46,Female,Vancouver,71309.0,3,11.95,4,None,Yes,No,3,Yes,Yes
30,Female,Ottawa,39011.0,8,11.04,1,Silver,Yes,No,3,No,Yes
63,Male,Calgary,58713.0,4,14.7,1,Gold,Yes,Yes,1,No,Yes
52,Female,Ottawa,77663.0,7,10.03,4,None,Yes,No,2,No,No
23,Male,Calgary,82242.0,5,8.42,5,Gold,No,Yes,1,No,Yes
35,Female,Montreal,67676.0,6,6.63,2,None,No,No,2,No,Yes
68,Male,Ottawa,53897.0,7,,1,Silver,,Yes,2,Yes,Yes
22,Female,Calgary,31333.0,7,9.62,5,Gold,Yes,No,1,No,Yes
64,Female,Montreal,46364.0,6,5.0,5,Silver,Yes,No,0,No,Yes
42,Female,Vancouver,51553.0,5,8.69,1,Premium,No,No,0,No,No
19,Male,Calgary,47440.0,2,7.94,3,None,No,No,3,No,Yes
62,Female,Vancouver,,7,8.93,2,None,Yes,Yes,3,No,No
52,Male,Montreal,115568.0,2,11.49,2,Gold,Yes,Yes,2,No,Yes
31,Female,Montreal,,11,3.0,3,None,Yes,Yes,3,No,No
40,Male,Ottawa,58786.0,1,3.81,1,,No,Yes,2,No,Yes
67,Male,Ottawa,68880.0,7,7.93,3,None,Yes,Yes,5,Yes,Yes
66,Female,Calgary,69633.0,5,11.18,4,Gold,Yes,No,2,No,Yes
65,Male,Toronto,73915.0,8,14.32,2,Premium,Yes,Yes,0,No,Yes
18,Female,Calgary,73261.0,6,5.66,3,Gold,Yes,Yes,4,No,No
28,Male,Calgary,75938.0,7,15.14,3,Premium,No,No,3,Yes,No
32,Male,Ottawa,78893.0,6,6.28,6,Premium,No,Yes,2,No,Yes
